word,word_pos,approved_definition,correct_example,incorrect_example
about,ADP,concerned with,"For data about the location of circuit breakers, refer to the wiring list.",
above,ADP,"In (or to) a position farther up than something
    NOTE: For other meanings, use:",Lift the cylinder above its installed position.,
abrasive,ADJ,that can remove material by friction,"Dust, when mixed with oil, has an abrasive effect.",
absent,ADJ,missing,"If one or more blades are missing, make an entry in the engine logbook.","If one or more blades are absent, make an entry in the engine logbook."
absorb,VERB,to take up or into,Absorb the fluid with a clean cloth.,
accept,VERB,to make a decision that something is satisfactory,Accept the relay if it is serviceable.,
access,NOUN,the ability to go into or near,Get access to the accumulator for the no. 1 hydraulic system.,
accident,NOUN,an occurrence that causes injury or damage,Make sure that the pins are installed to prevent accidents.,
accidental,ADJ,that does not occur on purpose,"To prevent accidental operation of the system, install the safety lock.",
accidentally,ADV,that does not occur on purpose,"If you accidentally move the lever, set the system to the neutral position again.",
accurate,ADJ,exact,The adjustment must be accurate.,
accurately,ADV,exactly,Put the repair sheet accurately on the damaged area.,
adapt,VERB,to change or adjust to that which is necessary,Adapt the pressure connection to the pitot head.,
add,VERB,"to increase the number, dimension, or quantity",Add 5 ml of hardener to the compound.,
adjacent,ADJ,"that which is near to an object, with no other objects of the same type between the two.",Make sure that you do not operate the adjacent control.,
adjacent to,ADP,"to be near to an object, with no other object of the same type between the two.",The fuel pump is installed adjacent to the bulkhead.,
adjust,VERB,"to put, or come to a specified position or value",Adjust the frequency to the value given in table 1.,
adjustable,ADJ,that you can adjust,The two stop bolts are adjustable.,
adjustment,NOUN,the effect of adjusting,Make sure that the adjustment is in the limits given in table 1.,
aft,ADJ,nearer to the rear of an air or sea vehicle,The pump is in the aft cell of the fuselage tank.,
aft,ADV,in the direction of the rear of an air or sea vehicle,Move the throttle aft.,
aft of,ADP,at a position nearer to the rear,The control unit is installed aft of the flight compartment.,
after,SCONJ,"that follows a specified time, sequence, or operation",Do a functional test after you install the component.,
after,ADP,"that follows a specified time, sequence, or operation",The bar moves down after 20 seconds.,
again,ADV,one more occurrence,"Move the control stick back to the center, then move it forward again.",
against,ADP,in contact with,Put the adapter in position against its support.,
agent,NOUN,one of a group of materials made to do a specified task,Do not use these cleaning agents on hot surfaces.,
agree,VERB,to be consistent with,The indications must agree with the values in the table.,
aid,NOUN,help that is given,"If you get the solution in your eyes, get medical aid immediately.",
airborne,ADJ,"in, or used in, flight",Position 2 of the switch gives a signal of the aircraft airborne condition.,
airflow,NOUN,a flow of air,Make sure that the airflow is not more than 10 liters/minute.,
align,VERB,to put or come into a spedified position in relation to a line,Align the flange holes with the studs.,
all,ADJ,full quantity,Drain all the fluids.,
almost,ADV,near the limit or the value,Make sure that the pressure in the cabin is almost zero.,
along,ADP,in a line parallel with the length or direction of,Move the tensiometer along the cable.,
also,ADV,in addition,Also do the applicable steps of this procedure.,
alternative,ADJ,that gives a choice,It is permitted to use alternative materials.,
alternative,NOUN,one of two or more objects that have almost the same properties or functions,"In an emergency you can use fuel f-43 as an alternative for fuels f-34 and
f-40.",
although,SCONJ,in spite of the fact that,"Although the pressure decreases, the valve must stay closed.",
always,ADV,at all times,Always keep the brightness control on the lcd display at maximum.,
an,AUX,function word: indefinite article,Make an entry in the logbook.,
analog,ADJ,of data given by pointers and dials,The pre-mod unit has analog indicators.,
and,SCONJ,"function word used to connect words, phrases or clauses",Make sure that the flaps are retracted and the aileron trim handwheel is in the zero position.,
angular,ADJ,that has one or more angles,Make sure that the angular position is correct.,
apart,ADV,At a distance (not specified) from,Move the cable strands apart.,
applicable,ADJ,correct or satisfactory for the task,Refer to the table that follows for the applicable torque values.,
apply,VERB,to put or spread something on,Apply a force of 100 n on the end of the lever.,
approach,VERB,go near,"If you must go near the engine exhaust, use ear protection.","If it is necessary to approach the engine exhaust, use ear protection."
approval,NOUN,that which permits a person or a thing to do something,Get the approval of the manufacturer before you repair.,
approved,ADJ,permitted by an authority,Do the procedure in an approved area.,
approximate,ADJ,almost correct/accurate,An approximate value is satisfactory.,
approximately,ADV,almost correct or accurate,Drain approximately 2 liters of fuel.,
area,NOUN,a specified surface or location,Do not smoke in the work area.,
arm,VERB,to install armaments,Arm the aircraft.,
around,ADP,on all sides of,Put the strap clamps around the cylinder.,
arrow,NOUN,a mark that has a point to show direction,Make sure that the arrow points in the direction of the fuel flow.,
as,SCONJ,construction used to show comparison or relation,Move the control as quickly as possible.,
as,ADP,"in the manner of, to the same quantity, equally",Do not use the cylinder as a support.,
assemble,VERB,"to attach, connect, or put together the parts of something",Assemble the valve as follows:,
assembly,NOUN,items that are connected for a specified function,Remove the wheel brake assembly from the axle.,
asymmetric,ADJ,not symmetrical,"If the result you get is not symmetrical, do a rigging test.","If you get an asymmetric result, do a rigging test."
at,ADP,"function word that shows the location, position, direction or time that something occurs",Disconnect the hose at the pitot head.,
attach,VERB,to stay together or to cause different items to stay together,Make sure that the label fully attaches to the surface and that there are no bubbles.,
authority,NOUN,an official organization that gives approval to something,Get the approval of the design authority before you change the procedure.,
automatic,ADJ,that operates without other input,Use the automatic system to open the doors.,
automatically,ADV,that operates without other input,The fuel flow stops automatically.,
auxiliary,ADJ,that operates in a secondary function,Lubricants for the engine and the auxiliary equipment are the same.,
available,ADJ,prepared or supplied for you to use,"If electrical power is available, do a continuity check.",
away from,ADP,in or to a different position or direction,Do the work in an area away from equipment or metal frame buildings.,
axial,ADJ,related to an axis,Do steps 1 thru 4 to make sure that no axial load is applied on the rod.,
axially,ADV,related to an axis,The load is applied axially.,
back,ADV,to an initial condition,Move the engine throttle back to 60% rpm.,
balance,VERB,to make equal,Balance the electrical loads on each generator.,
bare,ADJ,without a surface layer or protection,Bare metal surfaces are usually satisfactory for an electrical bond.,
basic,ADJ,approved minimum,This modification changes the basic configuration of the system.,
be,VERB,"to occur, exist","If there is corrosion on the pump vanes, replace the pump.",
because,SCONJ,as a result of,"Because the fluid level is incorrect, the system will not operate.",
because of,ADP,as a result of,"If you cannot remove a bolt because of corrosion, apply penetrating oil.",
become,VERB,to come to be,The screen becomes available.,
before,SCONJ,"that precedes a specified time, sequence, or operation",Bleed the system before you disconnect the components.,
before,ADP,"that precedes a specified time, sequence, or operation",The bar moves down before 20 seconds.,
behind,ADP,in a position at the rear of,The pump is installed behind the hydraulic motor.,
below,ADP,In (or to) a position farther down than something,The date is written below the cylinder neck.,
bend,NOUN,the area where something is bent,Examine the bends for cracks.,
bend,VERB,to change or cause to change from straight to curved,Bend the pipe carefully.,
beside,ADP,adjacent to,The fuel pump is adjacent to the spar.,The fuel pump is beside the spar.
between,ADP,related to something before and after in time or position,Make sure that the stopwatch indication is between 2 and 4 minutes.,
beware,VERB,be careful,Be careful of dangerous voltages.,Beware of dangerous voltages.
beyond,ADP,more than,Replace components that are worn more than the maximum limits.,Replace components that are worn beyond their maximum limits.
bleed,VERB,to let a gas out of,Bleed the speedbrake hydraulic system.,
block,VERB,cause a blockage,Make sure that the sealant does not cause a blockage of the drain.,Check sealant does not block drain.
blockage,NOUN,that which prevents correct operation,Make sure that there is no blockage of the pitot pipe.,
blocked,ADJ,that prevents correct operation,A blocked oil jet can cause incorrect operation.,
blow,VERB,to cause gas to move,Blow dry air through the feed and spray tubes.,
blunt,ADJ,not sharp,Remove the sealant with a blunt scraper.,
bond,NOUN,a connection between structural components for electrical continuity,Do a resistance check of the primary bonds.,
bond,VERB,to make an electrical bond,The static discharger is electrically bonded to the frame.,
bottom,ADJ,that is lowermost,Remove the bottom bolt.,
bottom,NOUN,the lowermost position,The drain plug is at the bottom of the unit.,
brace,VERB,hold,Support struts hold the floor structure in position.,Support struts brace the lap joints.
break,VERB,to cause to separate or become separated into parts by force,Break the bond of the sealant.,
breathe,VERB,to get gas into or out of the lungs,Do not breathe the solvent fumes.,
bright,ADJ,that gives much light,The navigation lights change from dim to bright.,
brightly,ADV,in a bright manner,The lights come on brightly.,
bubble,NOUN,a small quantity of gas in a liquid or a solid,Adjust the clinometer until the bubble is in the center.,
burn,VERB,to cause or undergo combustion,The turbine burns fuel.,
but,SCONJ,on the contrary,Tighten the nuts but do not torque them at this time.,
by,ADP,function word that you use when you multiply or dividenote: use as a function word to show agency when a passive construction is necessary in descriptive writing.,Divide the crosswind component by the aircraft speed to get the correction.,
bypass,VERB,to change a circuit so that it goes past something instead of through it,"In this configuration, the hydraulic pressure bypasses the valve.",
calculate,VERB,to find a result by mathematics,Calculate the pressure with the applicable formula.,
calibrate,VERB,to measure and adjust the precision of something,Calibrate the thermometer to the celsius scale.,
calibration,NOUN,the procedure that calibrates,Write the results of the calibration on the correction chart.,
can,VERB,"helping verb that means to be possible, to be able to, or to be permitted to",A mixture of fuel and oxygen can cause an explosion.,
cancel,VERB,to deselect a function or indication,Cancel the nav 1 fault indication and use the nav 2 system.,
cannot,VERB,to not be able to,The wheel cannot move when the lock is engaged.,
capacity,NOUN,the maximum quantity that something can hold or make,The capacity of the tank is 564 liters.,
capture,VERB,lock on,"If the dme signal locks on, the unit is serviceable.","If the DME signal is captured, the unit is serviceable."
careful,ADJ,with precaution,Be careful when you remove the cover.,
carefully,ADV,in a careful manner,Carefully apply a bead of sealing compound.,
catch,VERB,to stop or prevent the movement of something,The lug on the panel opening catches the bottom of the drawer.,
cause,NOUN,something that brings about a result,Do the troubleshooting procedure to find the cause of the malfunction.,
cause,VERB,to be the cause of,Metal objects can cause magnetic interference.,
change,NOUN,that which occurs when something changes,The color change shows that the temperature is too high.,
change,VERB,to become or to cause to become different,"If the humidity changes frequently, put a cover on the unit.",
charge,VERB,to accumulate or add electrical energy,Charge the battery.,
check,NOUN,the procedure you do to make sure something operates correctly,Do a check of the hydraulic system.,
chemical,ADJ,related to a chemical,Remove the corrosion with the chemical compound that is specified in table 6001.,
chemically,ADV,related to a chemical,Remove corrosion chemically.,
circular,ADJ,Has the shape of a circle,Polish the window with a circular movement.,
clean,ADJ,that does not include dirt or unwanted material,Make sure that the area is clean.,
clean,VERB,to remove dirt or unwanted materials,Clean the gasket contact area.,
clear,ADJ,without blockage or interference,Make sure that the pitot air inlet is clear.,
clearance,NOUN,the space between two objects that must be clear to make sure that they do not touch.,Make sure that there is a clearance between the lever and the roller.,
clearly,ADV,in a clear manner,Make sure that you hear the signals clearly at all stations.,
click,NOUN,"a short, sharp sound",Turn the adjuster five clicks counterclockwise.,
clockwise,ADV,in the direction in which the hands of a clock turn as seen from the front,Turn the nozzle 40 deg. clockwise.,
clogged,ADJ,blocked with unwanted material,"If the filter is clogged, replace it.",
close,VERB,"to move together, or to move to a position that stops or prevents materials from going in or out",Close the instrument panel.,
code,NOUN,"a sequence of symbols, letters, and/or numbers used for identification",Each electrical system has a code to identify it.,
coil,NOUN,a sequence of loops,Make sure that the coils of the oxygen hose do not rub together.,
cold,ADJ,at low temperature,Make sure that cold air comes out of the outlets.,
collect,VERB,"to come, or cause to come, together in one location",Fluid collects in the bottom of the cowling.,
color,NOUN,a property of light,The color changes from blue to red.,
come,VERB,to move toward something,The flag comes into view.,
come on,VERB,to become bright with light when an internal power source is energized.,The lights must come on.,
compare,VERB,to examine for differences,Compare the two values.,
compatible,ADJ,that can operate together satisfactorily or be used together safely,This software is compatible only with the specified operating system.,
complete,VERB,to bring to an end,Complete the functional test.,
complicated,ADJ,not easy,This test procedure is not easy without the correct equipment.,This test procedure is complicated without the right equipment.
component,NOUN,"The part(s), subassembly(ies) or unit(s), that do a specified function necessary for the correct operation of a system",Do not clean these components with trichloroethylene.,
compress,VERB,to decrease or cause to decrease in dimension or volume,Compress the spring and carefully install the cover.,
concentration,NOUN,the strength of something contained in a mixture,"In a high concentration, this material is poisonous.",
concentric,ADJ,that has a common center,The external diameter must be concentric to the internal diameter.,
concurrently,ADJ,at the same time,Do these two procedures at the same time.,These two procedures must be applied concurrently.
condensation,NOUN,the result when a gas changes into a liquid,"Put the switch in the ""on"" position to remove the condensation.",
condition,NOUN,something that is necessary for what occurs,These initial conditions are necessary to get correct results:,
connect,VERB,to come together or cause to come together to make one unit or system,Connect the electrical connectors to the instrument.,
connection,NOUN,that which connects or is connected,Make sure that all the fuel and air connections are installed.,
constant,ADJ,"that continues to be the same, without change",Make sure that the cabin pressure stays constant.,
contain,VERB,to have in something or hold in something,Each survival kit contains these items:,
container,NOUN,"something that holds fluids, materials, or objects",Put the container below the drain plug.,
contamination,NOUN,unwanted change of the original condition of a material because of chemical or physical agents or a material that causes such a change,Dust can cause contamination on all filters.,
contents,NOUN,something that is in a container,Examine the contents of the box for missing items.,
continue,VERB,to stay or keep in current condition or operation,Continue the test.,
continuous,ADJ,that continues,Make sure that there is continuous movement of the probe.,
continuously,ADV,in a continuous manner,Apply the pressure continuously.,
contour,NOUN,the outer line of something,Cut along the contour to remove the damaged skin.,
control,NOUN,something that controls,Use the manual control in an emergency.,
control,VERB,"to give or send signals that adjust, operate, or keep something to a limit, or that cause something to operate",The radio master switch 1 controls the bus bar.,
cool,ADJ,moderately cold,"When the area is sufficiently cool, polish the surface.",
copy,NOUN,an object made the same as another object,Send five copies of the defect report to the engineering authority.,
corner,NOUN,"the point or the angle made when lines, sides, or edges touch",Examine the opening for cracks that start at its corners.,
correct,ADJ,agrees with all that is necessary to the maximum,Make sure the polarities are correct.,
correct,VERB,to make correct,Correct the tension.,
correction,NOUN,a change to make something correct,Do not do the correction at this heading.,
correctly,ADV,agrees with all that is necessary to the maximum,Make sure that the circlip is correctly installed.,
count,VERB,to add the number of objects or occurrences to get a total,Count the number of treads.,
counterclockwise,ADV,in the opposite direction to clockwise,Make sure that you turn the control knob counterclockwise.,
critical,ADJ,very important,The condition of the radome is very important for its performance.,The condition of the radome is critical to its performance.
curve,NOUN,the shape of something which is bent but which has no angles,The radius of the curve must be a minimum of 8 mm.,
curve,VERB,make a curve,Bend the strip of metal to make a curve.,Curve the strip of metal.
cut,VERB,to divide into parts,Cut the cable into three equal lengths.,
cycle,NOUN,one complete sequence of operation,Set the switch to three cycles a minute.,
damage,NOUN,the result of an unwanted occurrence that changes the condition of something from its initial condition,Look for damage.,
damaged,ADJ,that has or can be affected by damage,Replace the damaged parts.,
dangerous,ADJ,"that can cause injury, damage to health or can kill",It is dangerous to use air in this system.,
data,NOUN,known facts,Make sure that you get all the data about the problem.,
date,NOUN,a specified day,"On the label, read the date of the last inspection.",
decision,NOUN,the result after you think about a problem,Make a decision about the procedure you will use.,
decontamination,NOUN,remove contamination,Remove the contamination from the fuel tanks.,Do the decontamination of the fuel tanks.
decrease,VERB,to make or become smaller or lower,Decrease the heading indications.,
de-energize,VERB,to remove electrical power from,De-energize the ac and dc busbars.,
defective,ADJ,unserviceable for operation,Replace the defective booster pump.,
deflate,VERB,to make or become smaller as a result of depressurization,Deflate the tire to a pressure of 2 bar (29 psi).,
defuel,VERB,to remove fuel,Defuel the tank.,
delicate,ADJ,easily damaged,Be careful with easily damaged parts.,Be careful with delicate parts.
deploy,VERB,to move or cause to move from a specified position of storage and into operation.,Keep personnel away from the aircraft when the thrust reverser deploys.,
depth,NOUN,"the distance from the top down, from the surface down, from the front surface to the rear surface",Measure the depth of a dent as shown in figure 4.,
deterioration,NOUN,a worse condition,This will cause a deterioration of the surface.,
device,NOUN,something used to do a task,Install the safety devices.,
diagonally,ADJ,in a diagonal direction,Apply the first layer of tape across the cutout and the second and third layers diagonally.,
difference,NOUN,"that which is different between two quantities, numbers or functions",The difference between the two dimensions must not be more than 0.10 mm.,
different,ADJ,not the same,"If the indications are different, do these steps.",
digital,ADJ,related to digits,Connect the prods of the digital voltmeter.,
digitally,ADV,given by digits,The value is shown digitally on the display.,
dim,ADJ,not bright,"During night operation, make sure that the panel lights are dim.",
dimension,NOUN,The result when something is measured in one direction,"Dimension ""a"" must not be more than 50 per cent of dimension ""d"".",
dimly,ADV,not bright,Make sure that the light comes on dimly.,
direction,NOUN,the line on which something moves or is pointed,The arrow on the valve body shows the direction of the flow.,
directly,ADV,in a direct procedure or by direct effect,Do not fill the system directly from a high-pressure storagecylinder.,
dirty,ADJ,not clean,A dirty contact in the connection units will cause them to operate incorrectly.,
disarm,VERB,to remove armaments,Disarm the aircraft.,
disassemble,VERB,to take an assembly apart,Disassemble the valve assembly.,
discard,VERB,to not use again,Remove the o-rings and discard them.,
disconnect,VERB,to cause to be not connected,Disconnect the power supply.,
disengage,VERB,to release from something that engages,Disengage the clutch before you start the engine.,
display,NOUN,a visual indication,A number in the top left corner of the display refers to a related page.,
distance,NOUN,the dimension between two points or objects,"Measure the distance between points ""a"" and ""b"".",
divide,VERB,to separate into parts or groups,You can divide the drains into three primary groups.,
do,VERB,"to complete a procedure, task or step",Do a functional test.,
down,ADJ,in a position below,Make sure that the anchor is down.,
down,ADV,to a position below,The pointer moves down.,
down,ADP,to a position below,Let the sleeve move down the guide tube.,
downstream,ADJ,in the direction of the flow,Disconnect the downstream connection.,
downstream,ADV,in the direction of the flow,Move the probe downstream and monitor the temperature again.,
downstream,ADP,in the direction of the flow,Disconnect the connection which is downstream of the valve.,
drain,VERB,to remove liquid,Drain the system fully.,
drink,VERB,to consume liquid,"Do not eat, drink, or smoke in the work area.",
drop,NOUN,a small quantity of liquid in a spherical shape,Drops of fuel from the tanks are not permitted.,
dry,ADJ,without liquid or moisture,Make sure that the surface is dry.,
dry,VERB,to remove liquid,Dry the filter in an oven.,
during,ADP,in or for a specified time,Monitor the indications during the retraction test.,
each,ADJ,"every one of two or more objects or persons, seen together as a group but identified separately","Make sure that the switch in each panel is set to ""off"".",
each,PRON,"every one of two or more objects or persons, seen together as a group but identified separately","Install two spacers, each 3.5 mm thick.",
ease,VERB,carefully remove,Carefully remove the trim cover from the adhesive tape.,Ease trim cover from adhesive tape.
easily,ADV,without difficulty,Oxidation occurs very easily.,
easy,ADJ,without difficulty,Use the left opening for easy access.,
eat,VERB,to consume food,Do not eat in the work area.,
edge,NOUN,a line that is the intersection of two surfaces of a solid object,The distance between the edge of the panel and the partition must not be more than 0.05 mm.,
effect,NOUN,the result of a cause,The effect of co2 on stressed parts can be dangerous.,
eject,VERB,to move or to cause a person or item to move from an aircraft or equipment with force,"If you pull the ejection seat handle, the seat will eject.",
electric,ADJ,operated by electricity,"If the hydraulic pump does not supply a pressure of 3000 psi, use the electric pump.",
electrical,ADJ,related to or operated by electricity,Supply electrical power to the system.,
electrically,ADV,Related to or operated by electricity ,The system is hydraulically operated and electrically controlled.,
electromagnetic,ADJ,related to electromagnetism,The electromagnetic test procedure uses electromagnetic force.,
electromagnetically,ADV,Related to electromagnetism,The system holds the position electromagnetically.,
electronic,ADJ,related to or operated by electronics,This bay contains some of the electronic equipment of the aircraft.,
electronically,ADV,related to or operated by electronics,This unit is electronically controlled.,
emergency,NOUN,a condition that occurs suddenly and is dangerous,"In an emergency, break the glass.",
empty,ADJ,without contents,Make sure that the reservoir is empty.,
end,NOUN,"where time, distance, or sequence are completed",Examine the shackle at the end of the sling.,
energize,VERB,to supply electrical power to,Energize the ac and dc buses.,
engage,VERB,to correctly align and come together,Engage the clutch.,
enter,VERB,go into,Do not go into the engine test area without approval.,Do not enter the engine test area without approval.
entrance,NOUN,an opening to go into a space,Put safety barriers at the entrance to the work area.,
entry,NOUN,a record of an occurrence,Make an entry in the aircraft log.,
equal,ADJ,"the same dimension, quality, quantity, or number",Make sure that there is an equal distance between the holes.,
equally,ADV,"the same dimension, quality, quantity, or number",Adjust the turnbuckles equally.,
equipment,NOUN,the objects or tools used for operation and maintenance,Remove all the equipment from the work area.,
equivalent,ADJ,"has the same properties, functions, or values",Materials (ref no. 2) and (ref no. 18) are equivalent.,
equivalent,NOUN,"something that has the same properties, functions, or values","Use cleaning compound ardrox 6025, or an equivalent.",
erase,VERB,to remove data from a medium,Erase the tape.,
error,NOUN,the difference from that which is correct or accurate,"If the error is more than 3 deg., calibrate the compass.",
estimate,NOUN,"a calculated, approximate result",Make an estimate of the necessary quantity.,
eventually,ADV,some time,"If the cable rubs, it will break after some time.","If the cable chafes, it will eventually break."
examine,VERB,to look carefully at,Examine the computer for damage.,
example,NOUN,something from a group which has the same qualities as the group,Figure 2 is an example of a repair procedure for a damaged web.,
exceed,VERB,more than,Make sure that the indication is not more than 400 knots.,Ensure indication does not exceed 400 knots.
excess,ADJ,too much,Do not apply too much adhesive on the gasket.,Do not apply excess adhesive on the gasket.
excess,NOUN,too much,"If you use too much paint, the finish will be unsatisfactory.",An excess of paint will give a poor finish.
excessive,ADJ,too much,Too much force can cause damage to the seal.,Excessive force can damage the seal.
excessively,ADV,too much,Be careful not to turn the inner races too much.,Be careful not to excessively rotate the inner races.
exclude,VERB,not include,This procedure does not include the removal of the piston.,This procedure excludes the removal of the piston.
exhaust,NOUN,The gas from an engine ,The exhaust from the apu is dangerous.,
exit,NOUN,an opening to go out of a space,Make sure that all the emergency exits are clear of unwanted objects.,
expand,VERB,"to increase in dimension, volume or time",The bellows must expand.,
expired,ADJ,more than the permitted life,Make sure the shelf life is not expired.,
explosion,NOUN,the effect when an explosive material quickly releases its energy,This condition can cause an explosion.,
explosive,ADJ,that can cause an explosion,The safety precautions that follow are applicable to explosive items.,
extend,VERB,"to increase, or cause something to increase, in dimension or range",Fully extend the jack ram.,
extension,NOUN,the action when something extends,Make sure that the extension of the actuator is smooth.,
external,ADJ,"of, or on, the outer side",Connect the external power supply.,
externally,ADV,"of, or on, the outer side",The box is installed externally.,
extinguish,VERB,to stop burning,"To extinguish a fire in the engine, pull the ""fire"" handle.",
extreme,ADJ,very high,Do not apply very high loads.,Do not apply extreme loads.
face,NOUN,the front surface of a part,Clean the face of the indicator.,
facility,NOUN,note: be specific. use the name of the facility as a technical name.,Weigh the aircraft on a weighbridge.,You need a special facility to weigh the aircraft.
fact,NOUN,something that occurred or is correct,Get all the facts about the incident from the pilot.,
fall,VERB,to move down by the force of gravity,Make sure that the tools do not fall into the engine.,
far,ADJ,at or to a relatively large distance,Remove the bolt that is farthest from the center.,
fast,ADJ,at high speed,A fast movement of the throttle will cause a surge.,
feather,VERB,to put a propeller to a position of minimum drag,Put the condition lever in the ftr position to feather the propeller.,
feel,VERB,to touch to find,Carefully lift the magnetic level indicator until you feel the magnets.,
few,ADJ,"small numbernote: if possible, give a specific number.",This procedure is only for repairs that include a very small number of rivets.,This procedure is only for repairs that include very few rivets.
fill,VERB,"to put into a container to the maximum level or, if specified, to a given level, pressure, or quantity",Fill the tank with methanol.,
filtered,ADJ,that has gone through a filter,Dry the unit with low-pressure filtered air.,
find,VERB,"to discover, to examine something so that you know",You can find the numbers on the switch.,
finger-tighten,VERB,tighten with your fingers,Tighten the nut with your fingers.,Finger-tighten the nut.
finish,NOUN,the result of a finishing procedure,Do not cause damage to the surface finish of the flap.,
fire,NOUN,the light and/or heat from a material when it burns,"If there is a fire in the engine compartment, you will hear the gong.",
fire,VERB,"to ignite, or to operate items that contain an explosive material",Fire the cartridges.,
first,ADV,before other persons or things,Fill the inner tanks first.,
fit,NOUN,"the relation between two related parts, a limit of tolerance",You will find data about the fits and clearances in section 9001.,
flame,NOUN,burning gas,"If you see flames from the exhaust pipe, stop the engine.",
flammable,ADJ,that burns easily,The solvent is flammable.,
flange,NOUN,an end surface at an angle,Make sure that the flange is not damaged.,
flash,VERB,to come on and go off frequently,The red lights flash in half-second intervals.,
flat,ADJ,has a continuous surface in the same plane,Lubricate one side of the flat washers.,
flexible,ADJ,that can easily bend again and again,Connect the flexible hoses to the pump.,
flight,NOUN,the time an aircraft is in the air,"After each flight, read the counter unit indications.",
flow,NOUN,a continuous movement of fluid,An arrow on the valve shows the direction of the fuel flow.,
flow,VERB,to move as a fluid moves,The oil must flow out of the valve.,
fluid,NOUN,liquid or gas,These fluids can cause corrosion.,
flush,ADJ,of a surface that is level or continuous with another surface,Make sure that the door is flush with the fuselage skin.,
flush,VERB,to remove something or to operate with a flow of liquid,Flush the tubes with pressurized fuel.,
fold,VERB,to double over or to cause to double over on itself,The drag-stay assembly folds when the nlg retracts.,
follow,VERB,to come after,This test follows the installation of the hp pump.,
for,ADP,"function word that shows purpose, intent, time, result or the object of an action",Let the potting compound dry for one hour.,
forbidden,ADJ,not permitted,It is not permitted to install more than two washers for each bolt.,It is forbidden to install more than two washers for each bolt.
forward,ADJ,nearer to the front,The control unit is installed in the forward part of the cargo compartment.,
forward,ADV,in the direction of the front,Move the levers forward.,
forward of,ADP,at a position nearer to the front,The tension regulator is installed forward of the pressure bulkhead.,
fragile,ADJ,easily damaged,The water quantity transmitter is easily damaged.,The water quantity transmitter is fragile.
free,ADJ,that can move easily,Makesure that the nuts are free to turn on the sleeves.,
freely,ADV,that can move easily,Oxygen must flow freely from the end of the hose.,
freeze,VERB,To go or cause to go to a temperature below freezing point of a liquid (usually water),Freeze the bushings before you install them.,
frequent,ADJ,that occurs or is found often at short intervals,Frequent inspection of these areas is necessary.,
frequently,ADV,at frequent or short intervals,Monitor the indicators frequently.,
from,ADP,"function word that shows a point of departure for movement, time, distance, action, or separation",Remove the protective cover from the new assembly.,
front,ADJ,nearer to the person that looks or a reference pointnote: refer also to in front of.,"There is a ""fault"" light is on the front face of the computer.",
front,NOUN,the front part or the front surface,Clean the front of the mounting flange with solvent.,
full,ADJ,"at or related to maximum travel, length, quantity, or detail",Make sure that the reservoir is full.,
fully,ADV,"at or related to maximum travel, length, quantity, or detail",Turn the control to the fully closed position.,
fume,NOUN,gas released from a material that you can usually smell but cannot see,Do not breathe the solvent fumes.,
function,NOUN,the purpose of an operation or an item,The primary function of this unit is to control the fuel flow.,
gas,NOUN,a fluid that has no shape or volume and that can expand,The temperature sensing unit is a capillary tube filled with gas.,
general,ADJ,"of, or related to something as a whole, not detailed",This section gives general maintenance procedures.,
get,VERB,"to obtain, to come into the state of having
note: do not use this word to mean become, go, decrease, increase. refer to
	  rule 9.2 and the entries for ""get"" that follow.","If you get the fluid on your skin, flush your skin immediately with clean water.",
give,VERB,to provide,This section gives you the procedures for the disassembly.,
glossy,ADJ,smooth and shiny,Apply the patch with the matt side against the glossy surface.,
go,VERB,to move to or from something,Make sure that the pointer goes out of view.,
go off,VERB,To become dark when an internal power (TN) source is de-energized,The annunciator light goes off.,
good,ADJ,that is satisfactory,This material gives good protection from corrosion.,
gradually,ADV,slowly and continuously,Gradually open the cocks on the recharging unit.,
greatly,ADV,very much,This can increase the risk of injury very much.,This can greatly increase the risk of injury.
groove,NOUN,a long channel that is not wide,Clean the groove with trichloroethane.,
ground,NOUN,the surface of the earth,You can only do this procedure on the ground.,
ground,VERB,to connect to the ground or to a large object of zero potential,Ground the fuel tanks.,
group,NOUN,objects that are related,This group of sealing compounds is also applicable in an emergency.,
hand-tight,ADJ,tighten with your hand,Install the filter case and tighten it with your hand.,Install the filter case handtight.
hand-tighten,VERB,tighten with your hand,Tighten the swivel nut with your hand.,Hand-tighten the swivel nut.
hang,VERB,to attach or to be attached to something above with no support from below,Hang the shackle on the hoist.,
hard,ADJ,"not easy to cut, not easy to go into or through","If the surface is hard, use a carbide drill.",
have,VERB,to possess as a part or quality,The system has an emergency warning device.,
head,NOUN,the top of something,Make sure that the head of the bolt is down.,
hear,VERB,to know by sound in the ear,Make sure that you hear the audio signals in all the crew headsets.,
heat,NOUN,the condition or quality of being hot,Use heat to cure the polysulphide sealant.,
heavy,ADJ,"that has a large mass, weight, or force",A support will be necessary because the control unit is heavy.,
height,NOUN,the vertical distance,The height from the ground to the top of the fin can change.,
help,VERB,to make something easier or better,Petrolatum helps prevent corrosion of the terminals.,
here,ADV,in this position,"To download the file, click here.",
high,ADJ,that is of large value,Use the special protection for storage in high temperatures.,
hit,VERB,to touch suddenly and with much force,Do not hit the cartridge.,
hold,VERB,to continue to have in the hand or grip,Hold the rod tightly.,
hole,NOUN,an empty space in a solid object,Make sure that the holes in the bushing and the housing are aligned.,
horizontal,ADJ,parallel to the horizon or a baseline,Adjust the sling until the flap is horizontal.,
horizontally,ADV,in a horizontal position,The valve is installed horizontally.,
hot,ADJ,at a high temperature,Dry the surface with hot air.,
how,ADV,by which manner,Paragraph 7.0 tells you how to install the unit.,
hydraulic,ADJ,"related to, or operated by, pressurized liquid",Connect the fittings to the hydraulic test bench.,
hydraulically,ADV,with hydraulic power,The flight controls are hydraulically operated.,
identification,NOUN,something that identifies an object,The equipment supplies the identification of the aircraft.,
identify,VERB,to use a specified code or marking to supply with an identity,Identify the wires with sleeves of different colors.,
if,SCONJ,"in the event that, on the condition that, in case of","If you use a replacement fairing plate, cut the fairing plate to get the correct dimension.",
ignore,VERB,"not to think about something, not to do something about",Ignore the vibration indications.,
illuminate,VERB,to make something visible by an external source such as light.,Make sure that the strobe light illuminates the tracking plates.,
immediately,ADV,withouta gap of time or space,"Make sure that the switch immediately goes back to ""off"".",
immerse,VERB,put fully into,Put the filter fully into the solvent.,Immerse filter in solvent.
impair,VERB,operate incorrectly,Damage will cause the instrument to operate incorrectly.,Damage will impair operation of the instrument.
important,ADJ,that has a significant effect,These procedures are very important.,
impossible,ADJ,not possible,"Thus, it is not possible to give a standard value.","Thus, it is impossible
	  to give a standard value."
impurity,NOUN,unwanted material,Use a filter to remove the unwanted material from the oil.,Filter the hydraulic oil to remove impurities.
in,ADV,"to, into, or in a location or position",Make sure that the push button switches are in.,
in,ADP,"function word that shows location, position, condition, time or limits",Let the switch stay in the set position.,
in front of,ADP,in a position ahead of,Put chocks in front of the wheels.,
in progress,ADV,occurring,"If an interactive session is in progress, let it continue until it is fully completed.",
inactive,ADJ,no effect,"In this configuration, the line key has no effect.","In this configuration, the line key is inactive."
inboard,ADJ,Nearer to the longitudinal axis,Remove the inboard fairing of the flap hinge.,
inboard,ADV,In or to a position nearer to the longitudinal axis (TN),The landing gear retracts inboard into the bay.,
incident,NOUN,an important occurrence that can cause damage or have dangerous results,Record all incidents of water found in the fuel.,
include,VERB,"to make, or to be, part of",This chapter includes the procedures for the removal of the components.,
incorrect,ADJ,not correct,"If the trim tab adjustment is incorrect, do steps 7 thru 10.",
incorrectly,ADV,in an incorrect manner,"If you see the red mark, the part is installed incorrectly.",
increase,VERB,to make or become larger or higher in value,Increase the vane angle to 90 degrees.,
increment,NOUN,"one of a sequence of regular operations done one after the other, to increase or decrease an adjustable quantity",Adjust the stop bolt in increments of 5 mm.,
independently,ADV,without a relation with,The emergency system is controlled independently.,
indication,NOUN,something that is shown,Make sure that the indication is correct.,
inflate,VERB,to make or become larger as a result of pressurization by gas,Inflate the tires with nitrogen.,
information,NOUN,data collected and made available for a specified function,This manual contains information about maintenance procedures.,
ingress,VERB,go into,"If water goes into the component, damage will occur.",Water ingress will damage the component.
initial  ,ADJ,that is related to the start,Move the lever back to its initial position.,
initially,ADV,at the start,"Initially, the speed increases to 3000 rpm.",
injury,NOUN,damage to a person,Bend the ends of the locking wire to prevent injury.,
inner,ADJ,nearer to the center of an object,The inner surface of the part is black.,
input,NOUN,"the data, power, or energy put into equipment or a system",The unit compares the inputs from the two sensors to the computer.,
inspection,NOUN,the procedure which compares an object with its standard or specification,Use a voltmeter to do this inspection.,
install,VERB,to attach an item in or to a second item,Install the new o-rings on the spindle.,
installation,NOUN,the procedure which installs an item,Refer to para. 3 for installation of the canopy.,
instruction,NOUN,a command that you must obey,"If you do not obey this instruction, damage can occur.",
instrument,NOUN,an item which measures and/or shows,All the instruments are on the left quarter panel.,
insufficient,ADJ,not sufficient,"If this step is not sufficient to stop the leakage, replace the actuator.","If this action is insufficient to stop the leakage, replace the actuator."
insulation,NOUN,a material that helps to prevent the movement of energy,Make sure that you do not cause damage to the insulation.,
intact,ADJ,not damaged,Make sure that the windscreen is not damaged.,Make sure the windscreen is intact.
intensity,NOUN,"the quantity of strength, force or energy",Operate the dimmer switch and make sure that the intensity of the light changes.,
interchange,VERB,to put or use each of two things in the place of the other without change,Interchange the no.1 and no.2 computers. then do the test again.,
interchangeable,ADJ,that you can interchange,Relays 2yg and 8yg are fully interchangeable items.,
interface,NOUN,the connection between two systems or components,Clean the interface between the computer and the sensor.,
intermittent,ADJ,"that stops and starts again, not continuous",This causes intermittent operation of the warning lights.,
intermittently,ADV,in an intermittent manner,The light comes on intermittently.,
internal,ADJ,"of, or on, the inner side",Make sure that fuel comes out of the internal ejectors.,
internally,ADV,"of, or on, the inner side",Use a borescope to examine the combustor internally.,
interval,NOUN,a distance or gap between two points in space or time,Do the test at five-minute intervals.,
into,ADP,movement to something and access to it,"If something goes into the opening, this can cause damage to the engine.",
irregular,ADJ,not regular,"If the signals are irregular, replace the unit.",
irregularly,ADV,not regularly,"If the unit receives the signals irregularly, replace it.",
isolate,VERB,to prevent a supply or connection to,Isolate the electrical power supply.,
it,PRON,that thing,Carefully move the deflector unit down until it engages.,
item,NOUN,a thing that is determined or specified,Lubricate these items with grease.,
its,ADJ,belonging to a thing,Remove the unit and its wiring.,
jerk,VERB,sudden movement,Pull the oxygen mask with a sudden movement to start the flow of oxygen.,Jerk the oxygen mask to start the flow of oxygen.
joint,NOUN,the area at which two surfaces or edges touch or are attached,Seal the joint with sealing compound.,
keep,VERB,to continue to have or hold,Keep the compound in a closed container.,
kill,VERB,To cause death,High voltages can kill you.,
know,VERB,"to be sure of data, to have data ready to use","If you know the clearance, you can calculate the washer thickness.",
laminated,ADJ,made of laminations,This panel is made of laminated carbon fiber.,
lamination,NOUN,layers of one or more materials bonded together,"If the laminations are damaged, replace the panel.",
large,ADJ,"more than average in dimension, quantity, or capacity",Clean your skin with a large quantity of clean water.,
last,ADJ,that comes at the end,"Immediately after the last flight of the day, install all covers.",
last,ADV,after other persons or things,Fill the outer tanks last.,
latch,VERB,to hold something in position with a latching device,Make sure that you latch the door correctly.,
lateral,ADJ,related to or on the side,Adjust the lateral level.,
laterally,ADV,in a lateral direction,"Push the unit out, and then move it laterally.",
layer,NOUN,"a material applied to a surface or put on, or below, a second material",Apply a thin layer of sealing compound on the bare metal.,
leak,NOUN,a crack or hole which lets fluid or light go into or come out of something,Examine the swivel couplings for leaks.,
leakage,NOUN,the quantity of material that goes through a leak,Measure the leakage from the pcu.,
left,ADJ,on the west side when you look north,Install the control panel in the left console.,
length,NOUN,the distance from one end to the other end,Measure the length of the jack ram.,
less,ADJ,"of smaller dimension, value, quantity, volume, or number",The flow rate must not be less than 4.0 gpm.,
let,VERB,to give opportunity,Let the adhesive become tacky.,
level,ADJ,horizontal to a known datum,Park the aircraft on level ground.,
level,NOUN,"a horizontal line, plane, surface, or condition",Fill the tank to the correct level (refer to fig. 105).,
life,NOUN,the time during which you can use an item or object,The life of the cartridge in the fire extinguisher is 3 years.,
lift,VERB,to move something up,Lift the cover carefully.,
light,ADJ,"that has a small mass, weight, or force",Apply a light force on the rudder pedals.,
light,VERB,come on,Make sure that the fluid indicator light comes on.,Ensure that the fluid indicator light lights.
lighting,NOUN,that which gives light to,A dimmer unit controls the panel lighting.,
lightly,ADV,in a light manner,Lightly rub the defective area with wet abrasive paper.,
limit,NOUN,"a specified maximum or minimum quantity, number, time, or distance","If the clearances are not in the limits given in fig. 4, refer to repair scheme no. 2.",
linear,ADJ,in a straight line,Make sure that the results are linear.,
linearly,ADV,in a straight line,Increase the pressure linearly.,
liquid,ADJ,that has the properties of a liquid,"During servicing, liquid oxygen flows through the stabilizing container.",
liquid,NOUN,a material that is not a gas or a solid,The converter changes the liquid into a gas.,
listen,VERB,to use your ears to hear or find,Listen for the signal.,
little,ADJ,small quantity,Add a small quantity of disinfectant to the solution.,Add a little disinfectant to the solution.
live,ADJ,that includes explosive material,Some maintenance operations are not permitted on aircraft that have live ammunition.,
local,ADJ,applicable to a given location or position,"Set the ""lat"" knob to the local latitude.",
locally,ADV,applicable to a given location or position,You can also do this test with a locally made tool.,
location,NOUN,a place or site that you can find,Figures 1 thru 4 show the locations of the walkways.,
lock,VERB,"to attach something, or hold it in position with a locking device",Lock the switch and remove the key.,
lock on,VERB,to find and stay on a target or signal automatically,The distance measuring equipment locks on at 5 miles.,
long,ADJ,that has large length or duration,Use a tube which is not longer than 3.3 feet.,
long,,maximum length,Use a drill bit that has a maximum length of 45 mm.,Use a drill bit no longer than 45 mm.
longitudinal,ADJ,related to the longitudinal axis,Adjust the longitudinal trim system.,
longitudinal,ADJ,related to the longitudinal axis,Adjust the longitudinal trim system.,
longitudinally,ADV,in a longitudinal direction,Move the stand longitudinally.,
look,VERB,to use your eyes to see or find,Look through the inspection window.,
loop,NOUN,a circular shape made in a flexible material,Make a loop of wire around the unit.,
loose,ADJ,"on, in, but not attached","Make sure that you remove all tools, equipment and loose objects from the air intake.",
loosely,ADV,not tightly,Make sure that the parts are loosely assembled.,
loosen,VERB,to cause to be not tight,Loosen the screws that attach the clamp to the support.,
low,ADJ,that is of small value,The switch senses low pressure in the distribution circuit.,
lower,VERB,to move something down,Lower the antenna to get access to the cable connector.,
lubricate,VERB,To apply lubricant,Lubricate the o-rings with hydraulic fluid (nato h-515).,
magnetic,ADJ,related to the properties of a magnet,Remove the magnetic drain plug from the oil tank.,
magnetically,ADV,in a magnetic manner,Release the magnetically latched switches.,
maintenance,NOUN,the servicing and/or the repair of something to keep it in the correct condition,Do not refuel the aircraft during the maintenance.,
make,VERB,"to manufacture, to cause to occur or to become",Make a recess for the studs of 5 mm.,
make sure,VERB,to verify and/or do the necessary steps,Make sure that no leak detection fluid goes into the oxygen system.,
maladjusted,ADJ,incorrectly adjusted,"If the warning light is on when the door is closed, the microswitch is incorrectly adjusted.","If warning light is on when door is closed, microswitch is maladjusted."
malfunction,NOUN,incorrect operation,Refer to table 104 to correct the malfunction.,
mandatory,ADJ,"that which you must do, use, or obey",This service bulletin is mandatory.,
manual,ADJ,operated with the hands,Use the manual controls if the automatic controls do not operate.,
manual,NOUN,a publication that supplies data related to a special subject,This manual identifies and supplies the performance data.,
manually,ADV,with the hands,Move the flaps manually.,
many,ADJ,"of large numbernote: if possible, give the range, number, or quantity.",Corrosion can have many causes.,
mark,NOUN,"something that you make or is made to show an identification, location, or direction",The red marks show a maximum steering angle of 35 degrees.,
mass,NOUN,the quantity of matter that is in an object and relates to its weight. the equivalent of inertia.,Structural or equipment modifications can change the basic mass and the center-of-gravity coordinates.,
material,NOUN,a substance or something from which a thing is made,Remove the unwanted material before you install the seal.,
mating,ADJ,made to touch,Apply grease on the mating surfaces of the starter generator.,
matt,ADJ,not glossy,Apply matt paint on the panel.,
maximum,ADJ,"related to the largest dimension, quantity, number, or value",The maximum value that the voltmeter shows is 199.9 v.,
maximum,NOUN,"the largest dimension, quantity, number, or value",Move the lever a maximum of 45 deg.,
measure,VERB,"to find the dimensions, capacity, or quantity of something",Measure the load.,
mechanical,ADJ,related to or operated with a mechanism,The standby system is mechanical.,
mechanically,ADV,in a mechanical manner,Operate the horizontal stabilizer mechanically.,
mechanism,NOUN,an assembly of mechanical parts that are made to operate together,Use white spirit to clean a hinge mechanism that has a grease nipple.,
medical,ADJ,related to medicine,"If you get hydraulic fluid in your eyes, flush them with water and get medical aid.",
melt,VERB,to change from solid to liquid because of heat,The fusible plugs must melt in 20 seconds or less.,
method,NOUN,a special type of procedure used to get a specified result,This procedure gives two methods for the temporary repair of the water tubes.,
middle,ADJ,at a point that is between two other points,Remove the middle bellcrank unit.,
middle,NOUN,a point that is at or near the center,Lift the seat to the middle of the travel.,
minimum,ADJ,"related to the smallest dimension, quantity, number or value",Make sure that the fluid in the hydraulic reservoir is above the minimum level.,
minimum,NOUN,"the smallest dimension, quantity, number, or value",Let the paint dry for a minimum of 1 hour.,
minus,ADP,with the subtraction of,"Increase the pressure in the shock absorber to 85.5 bar, plus or minus 2.7 bar.",
misrigged,ADJ,incorrectly adjusted,"If the marks are not aligned, the linkage is incorrectly adjusted.","If the marks are not aligned, the linkage is misrigged."
missing,ADJ,that is not there,"If the seals are missing, install new seals.",
mix,VERB,to put together two or more materials to make one combination,Mix the compound fully.,
mixture,NOUN,the result that you get when you mix materials,Do not use this mixture when the temperature is less than 15c.,
mobile,ADJ,that is made to move easily,Connect the mobile ground power unit.,
mode,NOUN,a special condition of operation,"Make sure that the ""heading select"" mode operates.",
moderate,ADJ,between low and high values,Apply a moderate load on the brake pedals.,
moderately,ADV,in a moderate manner,You can apply a second layer when the surface is moderately dry.,
moist,ADJ,moderately wet,Clean the panel with a moist cloth.,
momentarily,ADV,for a short time,Stop the pump momentarily. then start it again.,
monitor,VERB,to look at something for a period to see if there is a change.,Monitor the indicators on the overhead panel.,
moor,VERB,to attach something to the ground,"In bad weaher conditions, moor the boat.",
more,ADV,"by a larger dimension, value, quantity, number or degree","If it is necessary to decrease the cable tension more, use the turnbuckle.",
movable,ADJ,that can move if necessary,Turn the movable half-collar of the support.,
move,VERB,to change position or location,Make sure that the pointer moves freely.,
movement,NOUN,a change of position or location,Sudden operation of the gyro can cause unwanted movement of the horizontal stabilizer.,
much,ADJ,"of relatively large dimension, value, quantity, or volume",Do not apply too much pressure.,
multiply,VERB,to use multiplication to get a result,Multiply the indicator value by the scale value.,
must,VERB,helping verb that shows obligation,The bat 1 switch must be in the on position.,
name,NOUN,the identification you give to a person or an object,Push the line key adjacent to the name of the system.,
near,ADJ,at or to a relatively short distance,Put the tool on the near face of the installation.,
near,ADP,approaching in space or condition,Balance the elevator near its maximum limit.,
necessary,ADJ,that must be,"If necessary, turn the fitting.",
neutral,ADJ,that has no effect,Make sure that the controls are in the neutral position.,
never,ADV,do not,Do not let the level in the tank decrease to less than half.,Never allow level in the tank to drop below half.
new,ADJ,not used before,Install a new gasket on the flange.,
next,ADJ,the first occurrence that follows immediately after in time or sequence,Remove the unit before the next flight.,
next to,ADP,adjacent to,The pump is adjacent to the middle rib.,The pump is next to the middle rib.
no,ADJ,not any,Make sure that there is no fuel leakage.,
no,ADV,not any,Does the light come on? yes or no?,
noise,NOUN,An unwanted sound,"While the engine continues to turn, listen for unusual noises.",
none,PRON,"not one, not anyone","If none of the brackets are damaged, continue the inspection.",
nose,NOUN,"the front end or part, a part that protrudes",Pull the transparent plastic collar away from the nose of the electrical latch.,
not,ADV,adverb of negation,Do not let the pressure increase to more than 3000 psi.,
notch,NOUN,"an area in the shape of a ""v""",Make sure that the bogie rollers are aligned with the notches in the track.,
now,ADV,at this time,Do not tighten the nuts at this time.,Do not tighten the nuts now.
number,NOUN,a symbol or word that identifies an integer and/or decimal,Negative numbers show that the pressure decreases.,
obey,VERB,to do that which the procedures or instructions tell you,Obey the precautions that follow.,
object,NOUN,something that you can see or touch,Make sure that there are no loose objects in the air intake.,
occur,VERB,"to be found, to come to be, to take place",A sudden movement of the controls can occur.,
of,ADP,"function word that shows: from, belonging to, having or containing",Remove the split pins from the bolts in the bottom ends of the control rods.,
off,ADJ,not in operation,Make sure that the batteries are off.,
off,ADV,not in operation,Make sure that the warning light goes off.,
off,ADP,not in contact with,Make sure that the tire is fully off the ground.,
omit,VERB,do not do,Do not do steps 3 thru 5.,Omit steps 3 to 5.
on,ADJ,in operation,Make sure that the batteries are on.,
on,ADV,in operation,Make sure that the warning light comes on.,
on,ADP,"function word that shows contact, support, direction",Put the assembled parts on the support fitting.,
once,SCONJ,when,"When the unit is on its mounting, lock it.","Once the unit is on its mounting, it can be locked."
one,PRON,that refers to a single person or objectnote: also a tn.,"If the label is not there, attach a new one.",
only,ADJ,nothing more or different,This is the only approved configuration.,
onto,ADP,to a position on or upon,"When you lower the pump, move it onto the mounting brackets.",
opaque,ADJ,not transparent,Clean the plastic surfaces that are not transparent.,Clean opaque plastic surfaces.
open,ADJ,that lets something go in or out,Put a plug on the open end of each pipe.,
open,VERB,to move or cause to move from the closed position,Open the pressure valve.,
opening,NOUN,an aperture or hole in a surface,Make sure that the opening is clear.,
operate,VERB,"to put, keep, or be in action",Operate the plunger to drain the system.,
operation,NOUN,that which occurs when something operates or is operated,This procedure is important for the correct operation of the valve.,
opposite,ADJ,in the other direction,The reset device operates in the opposite direction.,
opposite,ADP,across from,The unit is in the wheel bay opposite the landing gear.,
optional,ADJ,not mandatory,This tool is optional.,
or,SCONJ,function word that shows a choice,Do not touch the high tension leads or the igniter plugs.,
other,ADJ,not the same as that given before,Connect one of the studs to the ground and the other studs to the pins.,
other,PRON,that which is not the same as that given before,"Connect one plug, then connect the other.",
otherwise,ADV,if not,"Make sure that the rods are adjusted. if the adjustment is not correct, adjust them as follows:","Check that rods are already adjusted, otherwise adjust them as follows:"
out,ADV,"away from, not in, or at a location or position","If the indicator button is out, replace the filter.",
out of,ADP,through or from the inside to the outside,Tilt the fitting to make the barrel nut fall out of it.,
outboard,ADJ,farther from the longitudinal axis of something,Measure the movement of the inboard and outboard flaps.,
outboard,ADV,"in, or to a position farther from the longitudinal axis of something",Move the jack outboard to disengage it from the jacking point.,
outboard of,ADP,at a position farther from the longitudinal axis,Put the access platform in a position that is outboard of the flap track.,
outdoors,ADV,not in a building,Do this work outdoors.,
outer,ADJ,farther from the center of an object,Apply sealant on the outer surface.,
output,NOUN,"the data, power, energy that comes out of equipment or a system",The impedance matching transformers supply the 60 w output to the loudspeakers.,
over,ADP,"To indicate a position higher than or above land or waterNOTE: Only for movement above land or water.  Not permitted for other meanings.  Refer to the keyword ""over (prep)"" below.","Before flight operations over water at low altitutdes, apply corrosion-preventive fluid to the door hinges of the landing gear.",
overboard,ADV,out of the aircraft,Release the air overboard.,
overfill,VERB,too much,Do not put too much fluid in the lubrication hole.,Do not overfill the lubrication hole.
overfull,ADJ,too full,"If the tank is too full, you cannot pressurize it correctly.","If the tank is overfull, you cannot pressurize it correctly."
overheat,VERB,too hot,"If you pressurize the oxygen bottle quickly, it will become too hot.",Rapid charging overheats the oxygen bottle.
overlap,NOUN,the area in which a part of one surface is on a part of a second surface,Replace the part if the overlap is more than 0.01 mm.,
override,VERB,to prevent the automatic operation of a part or system,Manually override the start sequence.,
overtighten,VERB,tighten too much,Do not tighten the fittings too much.,Do not overtighten fittings.
paint,VERB,to apply paint to something,Paint all the surfaces.,
pair,NOUN,"two objects that are the same or almost the same, and/or that you use together",Measure the distance between each pair of axles.,
parallel,ADJ,along lines that stay a constant distance apart at all points,Make sure that the turnbuckle is parallel to the axis of the air outlet.,
park,VERB,to stop a vehicle and to let it stay in one position on the ground,Park the car.,
part,NOUN,a constituent of a machine or other equipment,Replace the damaged parts.,
partial,ADJ,not fully,"If the flaps do not fully extend, do the test again.","If only partial flap extension of the flap occurs, do the test again."
partially,ADV,not fully,"If the flaps do not fully extend, do the test again.","If flaps only partially extend, do the test again."
particle,NOUN,a very small piece of material,"If you find metal particles in the pump, find their source and repair the defective part.",
partly,ADV,not fully,"If the valve does not fully open, examine the positions of the end stops on the actuator.","If the valve opens only partly, check the positions of the end stops on the actuator."
pass,VERB,be on,Make sure that the cable is on the pulley.,Make sure that the cable passes over the pulley.
paste,NOUN,"a wet, flexible mixture or compound",Mix the materials until they make a paste.,
patch,NOUN,a piece of material that you use to repair a surface or hole,Bond the patch to the tube with adhesive.,
per,ADP,for each,Do not use more than two washers for each bolt.,A maximum of two washers per bolt is permitted.
perform,VERB,do or other command verb construction,Do the leak test.,Perform leak test.
performance,NOUN,"the ability of a part, a mechanism, or system to do its necessary function when you compare it to a standard or specification",Some repairs can decrease the performance of the engine.,
period,NOUN,a quantity of time,The emergency locator has a standby period of 30 seconds.,
permanent,ADJ,without a limit in time,Make a permanent repair.,
permanently,ADV,in a permanent manner,The no smoking signs in the cabin stay on permanently during flight.,
perpendicular,ADJ,at a 90 degree angle to a given line or plane,Make sure that the tool and fastener are perpendicular to the work surface.,
person,NOUN,an individual human being,Make sure that there is a person near the tank.,
personnel,NOUN,persons employed in a group or organization,Injury to personnel and/or damage to equipment can occur.,
piece,NOUN,"a quantity or segment of a whole that you can use on its own, or that can operate as an individual item",Remove all pieces of the broken seal.,
play,NOUN,"free movement, the length or dimension of this movement",The play between the two gears must be less than 0.05 mm.,
plus,ADP,with the addition of,"Increase the pressure in the shock absorber to 85.5 bar, plus or minus 2.7 bar.",
pneumatic,ADJ,"Related to, or operated by gas pressure",Install the pneumatic controller.,
pneumatically,ADV,with pneumatic power,Use a pneumatically-operated tool.,
point,NOUN,a sharp or tapered end,Put the point of the tool in the slot.,
point,VERB,to show the position or direction of,Make sure that the arrow on the check valve points away from the ground supply duct.,
poisonous,ADJ,that contains poison,Do not swallow hydraulic fluid. it is poisonous.,
polish,VERB,to make smooth or shiny,Polish the window pane with a soft cloth.,
position,NOUN,"the attitude or setting of something that you can adjust, or the place or site where you put something",Set the switch to the correct position.,
possible,ADJ,that can occur,"If possible, put the rigging pin in the hole.",
possibly,ADV,that can occur,The length of the new rod is possibly incorrect.,
precaution,NOUN,that which you do to prevent injury and/or damage,Obey these precautions.,
precision,NOUN,the quality of being accurate,The temperature of the oil has an effect on the precision of the oil level indicator.,
prepare,VERB,to make or become ready,Prepare the tube for the leak test.,
pressurization,NOUN,the procedure that supplies or increases the pressure,Continue the pressurization for 10 minutes.,
pressurize,VERB,to supply pressure,Pressurize the hydraulic system.,
prevent,VERB,to make sure that something does not occur,To prevent damage to the engine immediately install protective covers on all openings.,
primary,ADJ,first in importance,The primary function of the power unit is to supply electrical power to the aircraft.,
problem,NOUN,something that is difficult and for which you must find the correct answer,"If you find a problem, refer to the troubleshooting manual.",
procedure,NOUN,steps that are in a sequence,These maintenance procedures are applicable to the main landing gear only.,
property,NOUN,a characteristic or attribute of an object,The properties of these materials prevent corrosion.,
proportion,NOUN,the ratio of something to something else,Make sure that you use correct proportions of cleaning agents and cold water.,
protection,NOUN,"something to prevent injury, damage or failure",Apply two layers of sealing compound on the surfaces that have no protection.,
protective,ADJ,that gives protection.,Remove the protective layer.,
pull,VERB,to put a force on something that causes it to move in the direction of the force,Pull the pedestal away from the mounting.,
push,VERB,to put a force on something that causes it to move away from the force,Push the two inserts aft.,
put,VERB,to cause something to move or to be in a specified position or condition,Put the adaptor in position against its support.,
put on,VERB,"to cover your skin or face with clothing, or other items that give protection",Put on safety goggles and protective clothing.,
quality,NOUN,"condition, property, or type",The cleaning solvent must be of good quality.,
questionable,ADJ,not sure,"If you are not sure of their condition, reject the parts.",Reject parts in a questionable condition.
quickly,ADV,in a fast manner,Make sure that the pressure decreases quickly.,
radial,ADJ,along a radius,"Do a check for radial cuts, cracks or splits.",
radially,ADV,along a radius,The fan blades are installed radially.,
radioactive,ADJ,related to radioactivity,Do a check for radioactive contamination.,
random,ADJ,not regular,Do random checks of tire pressure during this procedure.,
randomly,ADV,not regularly,Do these checks randomly.,
range,NOUN,the limits within which something operates,The audio spectrum is the frequency range at which humans can hear.,
rate,NOUN,a measurement of how frequently or how quickly something occurs,Make sure that the rate is correct.,
read,VERB,to come to know data with the eyes or electronically,Read the indicators on the control panel.,
rear,ADJ,away from the person who looks or from a reference point,Install the two bolts in the rear fittings.,
rear,NOUN,the rear part or rear surface,The circuit breakers are installed on the rear of the unit.,
rear of,ADP,aft of,"The pump is installed on rib 3, aft of the front spar.","The pump is located on rib 3, rear of the front spar."
rearward,ADV,in the direction of the rear,Pull the computer rearward.,
receive,VERB,"to get energy, material, or a signal from a different source",Make sure that the captain's boomset receives signals correctly.,
recess,NOUN,an indentation in a surface,"When you clean the surfaces, remove the stains from the recesses.",
recoil,VERB,move back,Be careful when the slide moves back.,Be careful when the slide recoils.
recommend,VERB,to advise that which is best,We recommend that you do not do this procedure in the hangar.,
record,VERB,to make notes of and keep data to use subsequently,Record the results.,
recycle,VERB,to put a used material through a process to make it possible to use it or its components again,Make sure that you recycle the removed insulation materials.,
refer,VERB,to tell a person where to find information,Refer to chapter 28 for the test procedure.,
reflection,NOUN,something that occurs when energy comes against a surface which sends it back,A clean surface gives a better reflection.,
refuel,VERB,to supply with fuel,Refuel the aircraft.,
regular,ADJ,at specified or equal intervals,The computer gives regular inputs to the control system.,
regularly,ADV,in a regular manner,"If the failure  occurs regularly, do a system test.",
reinforce,VERB,make stronger,Doublers make the joint stronger.,Doublers reinforce the joint.
reject,VERB,to make a decision that something is unsatisfactory,Reject the parts that are damaged.,
related,ADJ,that has a relation,Clean the balls of the electrical latch and its related sockets.,
relation,NOUN,"the connection between two or more things caused by their functions, values, or conditions",The relation between the two control systems keeps the aircraft stable.,
release,VERB,"to make free, to let go",Release the instrument panel to get access to the connections.,
remaining,ADJ,that continues to stay,Use a solvent to remove the remaining sealant.,
removal,NOUN,a procedure which removes an object,The supervisor must supply the applicable procedure for corrosion removal.,
remove,VERB,to take or move something away from its initial position,Remove the indicator from the panel.,
repair,NOUN,the result when something is repaired,The surface finish of the repair must be better than 0.8 microns.,
repair,VERB,to make an item serviceable,Repair the defective wiring.,
repeated,ADJ,again and again,"If you hear signals again and again, do a check of the ""ap engage"" button on the flight mode panel.","If repeated signals are heard, check the AP ENGAGE button on the flight mode panel."
repeatedly,ADV,again and again,"If the voltage decreases again and again, adjust the voltage regulator.","If voltage drops repeatedly, adjust the voltage regulator."
replace,VERB,to remove an item and to install a new or serviceable item.,Replace the relay.,
replacement,NOUN,the item you install when you replace an item,Make sure that the replacement has the correct dimensions.,
report,NOUN,the full data that are recorded about a subject or occurrence,"If there is a report of damage, do an inspection.",
resistant,ADJ,that will help to prevent something,The material of the seats is resistant to fire.,
result,NOUN,something that occurs when you do something,"If these tests do not give the correct results, replace the unit.",
retract,VERB,To pull into,Retract the landing gear.,
retraction,NOUN,the result when something retracts,"During the retraction sequence, make sure that the landing gear doors close.",
reverse,ADJ,opposite,Move the control in the opposite direction.,Move the control in the reverse direction.
right,ADJ,on the east side when you look north,Do a flow check of the pump in the right wing tank.,
rigid,ADJ,that cannot easily bend or change shape,Remove the screws from the rigid cover.,
risk,NOUN,the possibility that something that is dangerous occurs,Obey the precautions to prevent the risk of fire.,
rough,ADJ,not smooth,Clean the rough surfaces carefully.,
rounded,ADJ,not angular,"When you install the part, make sure that the rounded edge is against the structure.",
routing,NOUN,"the specified direction that cables, pipes, wires, and other parts of the system must go along",Do not change the routing of the pipe.,
row,NOUN,a number of objects in a line,The panels are installed in rows.,
rub,VERB,to move or cause something to move with pressure and friction along a surface,Rub the surface with a clean cloth.,
safe,ADJ,"not dangerous, disarmed",Make the area safe before you continue the work.,
safely,ADV,in a safe manner,Make sure that the ladder is safely attached.,
safety,NOUN,a condition that is safe,This paragraph gives the safety instructions that are applicable to explosive items.,
safety,VERB,to prevent accidental operation,Tag and safety the circuit breakers.,
same,ADJ,agrees in all details,The same procedure is applicable to the two units.,
same,PRON,agrees in all details,Adjustment of the left and right actuators must be the same.,
sample,NOUN,a piece or quantity of something that you use for an inspection or test procedure to show that it has specified qualities,Get a sample of the fuel and measure its specific gravity.,
satisfactorily,ADV,in a satisfactory manner,Make sure that the microswitches operate satisfactorily.,
satisfactory,ADJ,agrees with all that is necessary,A clearance of 3 mm is satisfactory.,
schedule,VERB,to put in a time sequence,Schedule the check of the tires at regular intervals.,
seal,NOUN,something that prevents access and leaks,Apply sealant to the fillet seals.,
seal,VERB,to prevent access and prevent leaks,Seal the openings with polythene.,
secondary,ADJ,second in importance,Do an operational check of the secondary flight controls.,
secure,ADJ,tight,Make sure that the bolts are tight.,Check that the bolts are secure.
see,VERB,to know with the eyes,Make sure that you can see the cable through the inspection hole.,
select,VERB,make a choice,Select the hydraulic system that you will pressurize.,
selection,NOUN,the action or result of choosing,The operation of the indicator does not prevent the selection of system 1.,
semicircular,ADJ,has the shape of half a circle,The valve flaps are semicircular.,
send,VERB,to cause to go,Send the filter element to the overhaul shop.,
sense,VERB,to get an input automatically,The temperature bulb senses the outside air temperature.,
sensitive,ADJ,that can sense small changes,The capsule is sensitive to pressure changes.,
separate,ADJ,not connected,These two tracks are not connected to the other two.,These two tracks are separate from the other two.
separation,NOUN,the action or result of separating,Separation of these parts is not easy.,
sequence,NOUN,the relation of items that follow one after the other in a list or the relation of steps or events that occur one after the other in time,Tighten the bolts in the sequence that is given in figure 3.,
serration,NOUN,one or more notches or teeth as in a saw,Make marks that show the location of the serrations on the plates.,
serviceable,ADJ,correct or satisfactory,Do a visual inspection of the adapter to make sure that it is serviceable.,
servicing,NOUN,the steps necessary to prepare something for operation,"Before you do the servicing of the hydraulic system, isolate it.",
set,NOUN,A group of related items that you (can) use for the same purpose,Use the set of tools that is supplied with the unit.,
set,VERB,"to put something into a given adjustment, condition, or mode",Set the altimeter scale to 1013 mbar.,
shake,VERB,to move or cause to move quickly up and down or from side to side,Shake the container.,
shape,NOUN,the contour of an object,The patch must be the same shape as the cutout.,
sharp,ADJ,that can cut or make a hole,Make a hole with a sharp tool.,
sheet,NOUN,a piece of material that is thin in relation to its length and width,"If the sheets are not thicker than 5 mm, remove the dents.",
shiny,ADJ,that can cause a reflection of light,Clean the shiny area of the oleo strut.,
shock,NOUN,the sudden effect of energy on a person or object,Shocks can cause damage to the gyro.,
show,VERB,to cause to be seen,The indicator shows the level of hydraulic fluid in the reservoir.,
side,NOUN,the specified surface or area of an object,Lubricate one side of the washer.,
sign,NOUN,the indication of a possible condition,Examine the surface for signs of internal damage.,
similar,ADJ,almost the same,The two items have almost the same shape.,The two items are similar in shape.
simulate,VERB,to make a condition that is the same as one that can occur in operation,Simulate a wheel speed of 80 knots.,
simultaneous,ADJ,at the same time,You must remove the filter element and the filter housing at the same time.,Simultaneous removal of the filter element and the filter housing is mandatory.
simultaneously,ADV,at the same time,Do the two steps at the same time.,Perform the two steps simultaneously.
since,SCONJ,"function word that shows: ""from some time in the past until a later time or now""","If it is more than two hours since you mixed the compound, do not use it.",
slope,NOUN,a surface that is not level,"If the aircraft is parked on a slope, make sure that wheel chocks are in position.",
slot,NOUN,a long opening that is not wide,Push the cables through the slot in frame 8 and attach them to the clips.,
slow,ADJ,at low speed,Make sure that the movement of the elevators is slow.,
slowly,ADV,in a slow manner,Turn the knob slowly.,
sluggish,ADJ,slow,"If the movement of the needle is too slow, replace the sensor.","If the movement of the needle is sluggish, replace the sensor."
small,ADJ,"less than average in dimension, quantity, quality, or capacity","When you refuel the aircraft, a small quantity of fuel comes out of the vent line.",
smell,VERB,to sense with the nose,"If you smell oil in the compartment, replace the recirculation filters.",
smoke,NOUN,a gas that has particles of burned material and that you can see,"When the concentration of smoke is more than the limit, an alarm operates.",
smoke,VERB,to breathe tobacco smoke,Do not smoke in the work area.,
smooth,ADJ,has a continuous uniform surface,Make sure that the painted surface is smooth.,
smoothly,ADV,in a smooth manner,Make sure that the reduction gear moves smoothly.,
snap,VERB,move quickly,The retaining clip must move quickly into position.,The retaining clip must snap into position.
soak,VERB,to put something into a liquid and keep it there until it is fully wet or soft,Soak the filter in the cleaning solution for 4 hours.,
soft,ADJ,"not hard, easy to go into or through",Make a mark with a soft pencil.,
soften,VERB,make soft,Put the tools in the solvent to make the compound soft.,Submerge tools in solvent to soften compound.
soiled,ADJ,dirty,Discard the dirty rags.,Scrap soiled rags.
solid,ADJ,has the properties of a solid,The rails are made from solid bars.,
solid,NOUN,material that is not a gas or a liquid,Examine the oil for solids.,
solution,NOUN,a liquid that includes a dissolved material,Prepare the solution in a container made of ceramic material.,
some,ADJ,related to a quantity not specified,Some models do not have this function.,
some,PRON,related to a quantity not specified,"Some models have this function, but some do not.",
something,PRON,a thing that is not determined or specified,"If something unusual occurs, do a bite test.",
sound,NOUN,something that you can hear,Increase the volume of the sound.,
source,NOUN,something that supplies energy or data,Use a hydraulic source to operate the swaging tool.,
space,NOUN,"a distance, area, or volume",Put the sealant into the space behind the flange of the water injector.,
spark,NOUN,"a hot, bright particle of a material that burns",Do not use test equipment that can cause sparks.,
speak,VERB,to use a voice to make words,Speak into the microphone.,
special,ADJ,for a specified function,Tighten the special nut.,
specially,ADV,in a special manner,The extractor is made specially to remove the pins.,
specified,ADJ,"given in, identified in, or related to, a specification",Inflate the tire with nitrogen to the specified pressure.,
speed,NOUN,the rate of movement,"If the wind speed is more than 20 knots, do not open the radome.",
spherical,ADJ,Has the shape of a sphere (TN),The accumulators are spherical and have bladders.,
spill,VERB,"to accidentally flow, or cause to flow, out of a container","If the electrolyte spills, remove it immediately.",
spin,VERB,turn quickly,Turn the wheel quickly with your hand.,Spin the wheel by hand.
spray,NOUN,a jet of very small drops of liquid,The sealant is resistant to salt spray.,
spray,VERB,to apply as a spray.,Do not spray disinfectants directly onto the carpets or instrument panels.,
stable,ADJ,that does not change or move,Make sure that the pressure indications are stable.,
standard,ADJ,related to equipment and procedures that are normally used,"In this procedure, use standard tools.",
start,NOUN,the beginning of a movement or operation,Movement can be slow at the start.,
start,VERB,"to begin a procedure, movement or operation",Start the engine.,
stay,VERB,to continue to be in a location or condition,"If the aircraft must stay in the hangar, make sure the exit is clear.",
steadily,ADV,continuously,"If the temperature increases continuously, stop the engine.","If the temperature increases steadily, stop the engine."
step,NOUN,a specified part of a procedure,Do steps 13 thru 16 for a minimum of three times.,
stop,VERB,"to cause the end of a procedure, movement or an operation",Stop the engine.,
stow,VERB,to move or cause to move into a specified position of storage.,Stow the life vest safely below the passenger seat.,
straight,ADJ,without curves or bends,Make sure that the straight part of the rigging pin is smooth.,
strip,NOUN,"a piece of material that is long and thin, but not wide",Put a strip of adhesive tape along the insulation blanket.,
strip,VERB,remove,Remove the insulation from the wire.,Strip the insulation from the wire.
stripe,NOUN,a line on a surface which is a different color,The flag has red and white stripes.,
strong,ADJ,"with much strength, power, or concentration",Moor the aircraft carefully when winds are strong.,
structural,ADJ,related to the structure,Structural repairs are specified in the structural repair manual.,
structurally,ADV,related to the structure,The list gives you structurally important items.,
structure,NOUN,a construction,Attach the wires to the structure.,
subassembly,NOUN,an assembly that is a part of a larger assembly,Do not change the position of the subassemblies.,
submit,VERB,send,Send the metal particles to a laboratory for analysis.,Submit metal particles for analysis.
subsequent,ADJ,following in an unspecified time or sequence,Subsequent repair operations will be for the new configuration only.,
subsequently,ADV,after an unspecified time,Make sure that the tool is subsequently available for the installation procedure.,
subtract,VERB,to take from a number or quantity,"Subtract coefficient ""a"" from the indication.",
such,ADJ,of the same group,"When you do work on such systems, use goggles.",
sudden,ADJ,that occurs in a short time,Sudden movement can cause damage to the limit stops.,
suddenly,ADV,in a sudden manner,"If the temperature increases suddenly, stop the engine.",
sufficient,ADJ,not less than necessary,Adjust the clamp until there is sufficient friction to keep it in position.,
sufficiently,ADV,not less than necessary,Loosen the locknut sufficiently until the piston rod can turn.,
sum,NOUN,the result when you add,Calculate the sum of the loads in each area.,
supply,NOUN,something that is supplied,Stop the electrical power supply.,
supply,VERB,to give something that is necessary,Supply electrical power to the pumps.,
surface,NOUN,one or more of the faces of something,"Rub the surface quickly with a soft, dry cloth.",
swallow,VERB,to take through the mouth and esophagus into the stomachnote: use for safety instructions only.,"If you swallow nitric acid, get medical aid immediately.",
symbol,NOUN,"a written sign that identifies a quantity, operation, item, or condition","The specification gives the symbols for relays, diodes, and other parts of the system.",
symmetrical,ADJ,has or with symmetry,Make sure that the position of the wing flaps is symmetrical.,
symmetrically,ADV,in a symmetrical manner,The elevators must move symmetrically.,
symptom,NOUN,a sign of a condition,"If the symptoms occur again, remove the unit.",
synchronized,ADJ,that operates at the same time,Make sure that the two rotors are synchronized.,
system,NOUN,an assembly of related parts to do a specified operation,Do not fill the system directly from a high-pressure cylinder.,
tacky,ADJ,sticky when you touch it,"When the compound is tacky, apply the patch.",
tag,VERB,to put a tag on,Tag and safety the circuit breakers.,
tap,VERB,to hit lightly and quickly,Tap the bolt with a mallet.,
task,NOUN,assigned work or procedure,Each step of the task has an identification letter.,
telescopic,ADJ,related to items that retract into each other,Install the telescopic ducts in the wing de-icing system.,
tell,VERB,to give information to a person or thing.,Put a warning notice in the cockpit to tell persons not to operate the flight controls.,
temporarily,ADV,in a temporary manner,Attach the cover temporarily.,
temporary,ADJ,"for a short time only, not permanent",This installation is only temporary.,
tertiary,ADJ,third in importance,"There are three classes of structure: primary, secondary, and tertiary.",
test,NOUN,the procedure where an object or system is operated to make sure that its performance and/or function is correct,Disconnect all systems which are not necessary for the test.,
than,SCONJ,function word that you use with comparative adjectives or adverbs,Make sure that the total angle is smaller than 20 deg.,
that,SCONJ,function word that starts a subordinate clause,Make sure that the surface is clean.,
that,PRON,function word that shows the person or thing referred to,Examine the unit to see if that is the problem.,
the,AUX,function word: definite article,Remove the seven flexible hoses.,
their,ADJ,belonging to persons or things,Write to the manufacturers for their repair scheme.,
them,PRON,function word that shows the persons or things referred to,"If the canopies are dirty, clean them.",
then,ADV,immediately after in time or sequence,Lift the cover. then pull the handle.,
there,ADV,in that position,"If the label is not there, attach a new one.",
there,PRON,function word that starts a sentence,There are three jacking points on the fuselage.,
these,ADJ,being the persons or things referred to,Remove these parts.,
these,PRON,function word that shows the persons or things referred to,These are special tools.,
they,PRON,function word that shows the persons or things referred to,Dents are not permitted if they prevent correct operation of the parts.,
thick,ADJ,that has large thickness,Apply a thick layer of grease on the bare metal.,
thickness,NOUN,the smallest of the three dimensions of an object,The thickness of the primer layer must be between 0.05 mm and 0.06 mm.,
thin,ADJ,that has small thickness,Apply a thin layer of sealing compound on the bare metal.,
think,VERB,to have an opinion,"If you think that the water will freeze, add antifreeze.",
this,ADJ,being the person or thing referred to,Do this test at full voltage.,
this,PRON,function word that shows the person or thing referred to,Refer to testing and fault isolation. this tells you the parts to replace.,
those,PRON,function word that shows the persons or things referred to,"When you examine the parts, discard those that are damaged.",
through,ADV,into one end or side and out of the other,"If fumes come through, do the emergency procedure",
through,ADP,into one end or side and out of the other,Make sure that the fluid that goes through the tube has no bubbles.,
thru,ADP,from a point in a sequence to another,Do steps 4 thru 10 again.,
thus,ADV,for that reason,"This boiler controller is applicable to all systems. thus, it can also control thermal oil heaters.",
tight,ADJ,not free,Make sure that the nuts are tight.,
tighten,VERB,to cause to be tight,Tighten the screws.,
tightly,ADV,in a tight manner,Hold the cylinder tightly.,
tilt,VERB,to move at an angle or to put something at an angle between the vertical and the horizontal,"To align the bolt, tilt it to the left side.",
time,NOUN,a duration that you can measure,The time between clicks must be 20 seconds.,
together,ADV,in one group or position,Attach the cables together.,
tolerance,NOUN,a permitted difference from a standard,The tolerance is plus or minus 0.2 mm.,
too,ADV,more than is necessary or correct,Make sure that the temperature is not too high.,
tool,NOUN,an object that you use to make or do something,Remove all tools and equipment.,
top,ADJ,that is uppermost,A number in the top left corner of the display refers to a related page.,
top,NOUN,the uppermost position,The vertical stabilizer is installed on the top of the fuselage tail section.,
torque,VERB,to tighten to a specified torque,Torque the plug to 6 nm.,
total,ADJ,all of,The total quantity of fuel in the center tank is 5000 lb.,
total,NOUN,the full quantity,Add the values. the total must not be more than 15 mm.,
touch,VERB,to be in contact,Make sure that the lock nut touches the spring.,
tow,VERB,to pull something along,Make sure that you complete the procedure before you tow the vehicle back to its initial position.,
transmit,VERB,to send energy or a signal,Make sure that the transponder transmits the signal correctly.,
transparent,ADJ,easy to see through,Put a transparent sheet of plastic on the surface.,
travel,NOUN,the movement of an item,Make sure that the range of travel of the control surfaces is clear.,
try,VERB,to make an effort to do something,Try to move the control column.,
tune,VERB,to adjust equipment to the best performance,Tune adf 1 to a known frequency.,
turn,NOUN,one full cycle of movement around an axis,Let the pressure become stable after each turn of the adjustment screw.,
turn,VERB,to move or cause to move around an axis or a point,Turn the control clockwise.,
twist,VERB,to use a force that turns something and causes a distortion,Do not twist the element.,
type,NOUN,a specified group,Find the type and dimensions of the damage.,
typical,ADJ,that has the important qualities of a group,This installation procedure is typical for this type of fastener.,
unauthorized,ADJ,not approved,"If you are not approved, do not do this engine test.","If you are unauthorized, do not do this engine test."
undamaged,ADJ,not damaged,Make sure that the skin is not damaged.,Check that skin is undamaged.
undemanded,ADJ,that occurs without an apparent cause,"If you get an undemanded movement, do a test of the system.",
unfold,VERB,to open or straighten from a folded position or condition,Unfold the sheeting carefully.,
unit,NOUN,equipment that does a function,You can replace a large number of units during engine installation.,
unknown,ADJ,not known,Do not use fuel with unknown properties.,
unless,SCONJ,except if,Do not remove the adapter from the stabilizer unless a repair is necessary.,
unlock,VERB,to release or become released from a locked condition,Make sure that the cabin differential is at zero before you unlock the door.,
unnecessary,ADJ,not necessary,Remove all ground equipment that is not necessary.,Remove unnecessary ground equipment.
unsatisfactorily,ADV,in an unsatisfactory manner,"If the elevators operate unsatisfactorily, move the control column.",
unsatisfactory,ADJ,not satisfactory,"If the condition of the filters is unsatisfactory, replace them.",
unserviceable,ADJ,not fit for its purpose,Replace the unserviceable bushings.,
until,SCONJ,up to the time that,Move the lever until the end of the link touches the lock bar.,
until,ADP,up to the time of,Keep the fire bottle armed until the end of the test.,
unusual,ADJ,in an unusual manner,Unusual loads can cause tread separation in the tires.,
unusually,ADV,in an unusual manner,The valve operates when there is an unusually large flow of fluid.,
unwanted,ADJ,that must not be there,Unwanted air goes out through the overflow port.,
unwind,VERB,to remove or become removed from around an object,Unwind the cable.,
up,ADJ,in a position above,Make sure that the anchor is up.,
up,ADV,to a position above,"If the pointer moves up, decrease the power.",
up,ADP,to a position above,Let the sleeve move up the guide tube.,
upstream,ADJ,in a direction opposite to the flow,Disconnect the upstream connection of the valve.,
upstream,ADV,in a direction opposite to the flow,Move the probe upstream and monitor the temperature again.,
upstream of,ADP,in a direction opposite to the flow,Disconnect the connection upstream of the valve.,
use,VERB,to make something do its specified function,Use the test box to do a test on the system.,
usual,ADJ,that you use or that occurs most frequently,"If you do not get the usual results, do a system test.",
usually,ADV,in a usual manner,"Usually, the hydraulic fluid flows into the valve through port a and out through port b.",
value,NOUN,a quantity that is calculated or given,Make sure that the values agree with the tolerances.,
vertical,ADJ,at 90 degrees to the horizontal,Measure the vertical distance between the two parts.,
vertically,ADV,at 90 degrees to the horizontal,The pointer moves vertically along the scale.,
very,ADV,to a high degree,Add the oil very slowly.,
vibration,NOUN,regular movement from a center position,Pressure surges and vibration can cause wear on the hoses.,
view,NOUN,the ability to see something,Make sure that you have a satisfactory view of all components.,
visual,ADJ,with the eyes,Remove the visual indicator from the valve.,
visually,ADV,with the eyes,Visually examine the duct.,
voice,NOUN,the sound you make when you speak,Speak into the microphone in your usual voice.,
volume,NOUN,the space that an object fills,Measure the volume of the oil carefully.,
wait,VERB,to stop doing something while another thing occurs.,"If the status of the fault is ""not confirmed"":

open the applicable circuit breaker.
wait for 4 minutes.
do the bite test.",
walk,VERB,to move on foot from one location to a different location.,Do not walk on this area of the wing.,
warm,ADJ,moderately hot,Keep the gaskets in a warm dry area.,
we,PRON,the manufacturer of the company which releases the documentationnote: do not use this pronoun for other meanings.,We do not recommend other alternatives.,
weak,ADJ,"with small strength, power, or concentration",Use a weak cleaning solution.,
wear,VERB,to become damaged by friction,The cable can wear quickly in this position.,
weather,NOUN,"conditions of the atmosphere: temperature, moisture, winds, clouds",Step 2 is only applicable if the weather is wet.,
weigh,VERB,to measure the weight of something,Weigh the two parts of the compound.,
weight,NOUN,the force caused when gravity acts on the mass of an object.,The basic weight of the aircraft does not include all items.,
wet,ADJ,"that has liquid on it, in it, or absorbed into it",Dry the wet surfaces.,
wet-motor,VERB,"to turn an engine with the starter, with fuel but without ignition",Wet-motor the engine and do a leak check of the fuel system.,
when,SCONJ,at the time that or during,"When the piston movement stops, measure the travel.",
where,SCONJ,"at, to, or in which location",Clean the area where you applied the sealant.,
which,PRON,the thing or things that,"Examine the emergency fuel pump, which is on the left side.",
while,SCONJ,at the same time,"Make sure that a person holds the item, while you disconnect it.",
who,PRON,the person or personnel that,"Person b, who operates the rear winch, must lock the fixture.",
wide,ADJ,that has large width,Repair the cracks that are wider than 0.05 mm.,
width,NOUN,"the smaller of two dimensions, the second-largest of three dimensions",Measure the width of the crack at the widest point.,
will,VERB,helping verb that shows simple future tensenote: no other forms of this verb,Warnings and cautions in this manual will help you to do the work safely and correctly.,
wind,VERB,to move around and around an object,Wind the tape on the reel.,
with,ADP,"function word that shows association or relationship, help or sharing, means or instrument",Align the mark with the longitudinal axis.,
without,ADP,not with,The smaller damage is permitted without repair.,
work,NOUN,"that which you do when you use physical strength, or mental power",Do the work in a clean area.,
write,VERB,"to record data or information as words, letters, or symbols",Write the test date on the certificate.,
yes,ADV,function word that shows the positive answer to a question,Does the light come on?  yes or no?,
you,PRON,the reader or user,You can continue the test if the pressure is sufficient.,
your,ADJ,related to the reader or user,"If you get solvent in your eyes, flush them immediately with water.",
